Analysis Method,Risk Assessment
Benchmark ML,Low
Baseline LLM,Low
Debiased LLM,Low
Benchmark ML,Low
Baseline LLM,Low
Debiased LLM,Low
Benchmark ML,High
Baseline LLM,Low
Debiased LLM,Low
Benchmark ML,High
Baseline LLM,Low
Debiased LLM,High
Benchmark ML,High
Baseline LLM,High
Debiased LLM,High
Benchmark ML,Low
Baseline LLM,Low
Debiased LLM,Low
Benchmark ML,High
Baseline LLM,High
Debiased LLM,High
Benchmark ML,Low
Baseline LLM,Low
Debiased LLM,Low
Benchmark ML,High
Baseline LLM,High
Debiased LLM,Medium
Benchmark ML,Low
Baseline LLM,Low
Debiased LLM,Low
